真面目な人が馬鹿を見る##,irony_sentence,irony_sentence,1
軍楽,irony_sentence,irony_sentence,1
素晴らしいことです,irony_sentence,irony_sentence,1
感動した,irony_sentence,irony_sentence,1
感動してる,irony_sentence,irony_sentence,1
お前にピッタリだね,irony_sentence,irony_sentence,1
初見,irony_sentence,natutal_situation,0
それは良かった,irony_sentence,irony_sentence,1
のくない,irony_sentence,irony_sentence,1
とても温かい気持ちになるなど。,irony_sentence,irony_sentence,1
カクヨムコン8頑張りまぁ～す,irony_sentence,irony_sentence,1
仲良いな,irony_sentence,irony_sentence,1
凱旋だもんな,irony_sentence,irony_sentence,1
エラいエラい,irony_sentence,irony_sentence,1
正しい,irony_sentence,irony_sentence,1
ヒップホップの重低音カルチャーを通過してるか否か,irony_sentence,irony_sentence,1
笑ってられることには感謝しようかな,irony_sentence,irony_sentence,1
さすが小池,irony_sentence,irony_sentence,1
されてないと良いですね,irony_sentence,irony_sentence,1
そんなに多かったんだね,irony_sentence,irony_sentence,1
この事件の加害者、役満すぎて、こんな犯罪者が社会で生きていけてるんだって逆に感心する,irony_sentence,natutal_situation,0
相当なボリュームの声,irony_sentence,irony_sentence,1
アイドルみてえなことしてんな,irony_sentence,irony_sentence,1
真っ当なんだよなー,irony_sentence,irony_sentence,1
いいご身分だ,irony_sentence,irony_sentence,1
二の舞だぞ,irony_sentence,irony_sentence,1
架空のドラマ,irony_sentence,irony_sentence,1
発展途上国の話,irony_sentence,irony_sentence,1
悲しい,irony_sentence,irony_sentence,1
ありがとな、アンチ##,irony_sentence,irony_sentence,1
シーズンパス購入した価値,irony_sentence,irony_sentence,1
稼ぐ自信がお有りなんですね。,irony_sentence,irony_sentence,1
間違い,irony_sentence,irony_sentence,1
微笑ましいところはあります,irony_sentence,irony_sentence,1
たくさん飲めるんだから最高##ソジュは前哨戦みたいなもんでしょ,irony_sentence,irony_sentence,1
何食ったらそんなにデカくなるの？」,irony_sentence,irony_sentence,1
すごいです,irony_sentence,irony_sentence,1
珍しく仕事してる,irony_sentence,natutal_situation,0
まーた、日本政府みたいなことし始めたな。##追い討ちがすごいですね、##さすが政府！,irony_sentence,irony_sentence,1
きっと鼻歌まじりに歌ってるんだろうなぁ_##,irony_sentence,irony_sentence,1
お国なのでな,irony_sentence,irony_sentence,1
頑張ってください！応援しています！,irony_sentence,irony_sentence,1
母の教育の賜物,irony_sentence,irony_sentence,1
依頼主は大物だわｗ,irony_sentence,irony_sentence,1
普段の動きして 腰砕く〜,irony_sentence,irony_sentence,1
セレブリティ感溢れる彼らの無邪気さに惚れます。,irony_sentence,irony_sentence,1
長岡と三ツ俣以下だろ,irony_sentence,natutal_situation,0
なんか可愛い,irony_sentence,irony_sentence,1
某柚葉氏すげぇ,irony_sentence,irony_sentence,1
ビジターだからさ、、,irony_sentence,irony_sentence,1
おじちゃんですら気づいた,irony_sentence,natutal_situation,0
2年前か。,irony_sentence,natutal_situation,0
気分,irony_sentence,irony_sentence,1
悲しくないですけどね,irony_sentence,irony_sentence,1
花束くらい貰うんじゃね？,irony_sentence,irony_sentence,1
調査がお好きなのでしょう？,irony_sentence,irony_sentence,1
好きよ,irony_sentence,irony_sentence,1
キラキラ##最高,irony_sentence,irony_sentence,1
増税してほしくない,irony_sentence,irony_sentence,1
今夏の暑さ気持ち良すぎだろ,irony_sentence,irony_sentence,1
いつになったら,irony_sentence,irony_sentence,1
超楽しい,irony_sentence,irony_sentence,1
貰ったら良い,irony_sentence,irony_sentence,1
お元気そうで何より,irony_sentence,irony_sentence,1
気づいたのにねー,irony_sentence,irony_sentence,1
良いと思っていないので記述する,irony_sentence,irony_sentence,1
迎えられそうだぞ,irony_sentence,irony_sentence,1
羨ましい人生ですよ ##あなたな無欲なんですね,irony_sentence,irony_sentence,1
羨ましいわ,irony_sentence,irony_sentence,1
肥前くんの顔うつして、自己紹介かね？って言っててほしい,irony_sentence,irony_sentence,1
ホントお上の方々は、ちゃんと勉強して欲しい。,irony_sentence,irony_sentence,1
「日当」と「ビール」と「Tシャツ」は支給されないのか？,irony_sentence,natutal_situation,0
頑張って下さいね！,irony_sentence,irony_sentence,1
情報操作して自分達の都合のいいように子供を洗脳してくる奴がいるから気をつけようね,irony_sentence,irony_sentence,1
差別が生まれても仕方なし,irony_sentence,irony_sentence,1
すごいですね,irony_sentence,irony_sentence,1
選挙で変えられる」と思ってない続##殆どの人がそうだけど,irony_sentence,irony_sentence,1
一流なんだな,irony_sentence,irony_sentence,1
楽しい,irony_sentence,irony_sentence,1
良いよねぇ君は,irony_sentence,irony_sentence,1
よろしい,irony_sentence,irony_sentence,1
良くない,irony_sentence,irony_sentence,1
「それ」は無いとは思うけど,irony_sentence,irony_sentence,1
「この5年間で積み上げてきたもの」って、何かありましたっけ？,irony_sentence,irony_sentence,1
元気ですね,irony_sentence,irony_sentence,1
清く正しい一部のTwitterユーザー様がボヤいてる,irony_sentence,irony_sentence,1
ファロバ,irony_sentence,natutal_situation,0
言う気はない,irony_sentence,irony_sentence,1
アウトじゃない日本すごーい,irony_sentence,irony_sentence,1
毎日更新してて逆に心配になる。,irony_sentence,irony_sentence,1
仲良いな君達,irony_sentence,irony_sentence,1
みんな喜んで国籍を取得,irony_sentence,natutal_situation,0
実力だからなぁ,irony_sentence,irony_sentence,1
は,irony_sentence,irony_sentence,1
せんができた,irony_sentence,natutal_situation,0
雑念,irony_sentence,irony_sentence,1
さやさやさやな,irony_sentence,irony_sentence,1
報連相がよく教育された,irony_sentence,irony_sentence,1
上下関係に恐怖を感じないのが取り柄,irony_sentence,irony_sentence,1
正解”の書評ですか,irony_sentence,irony_sentence,1
ホントっすね〜,irony_sentence,irony_sentence,1
日本人の良さがよく出ている,irony_sentence,irony_sentence,1
単純に「選挙で変えられる」と思ってない続,irony_sentence,irony_sentence,1
いつまでも子どもの頃の_として見ちゃってて可愛いなで済ませちゃうから怒鳴ったりもしない,irony_sentence,irony_sentence,1
奴の手は,irony_sentence,irony_sentence,1
変わらない,irony_sentence,irony_sentence,1
疑惑の説明果たしましたっけ？,irony_sentence,irony_sentence,1
応援して頂いてありがとう,irony_sentence,irony_sentence,1
今週もお疲れ様でした,irony_sentence,irony_sentence,1
最高にロックだな,irony_sentence,irony_sentence,1
サムスンに感謝だわ,irony_sentence,irony_sentence,1
メディアの仕事は立派ですね##,irony_sentence,irony_sentence,1
キレそうよね。,irony_sentence,irony_sentence,1
設置を考えた方がいい,irony_sentence,irony_sentence,1
気づいてわろてる,irony_sentence,irony_sentence,1
Wi-Fi,irony_sentence,natutal_situation,0
ないよね,irony_sentence,irony_sentence,1
顔を晒すなんてしないよ,irony_sentence,irony_sentence,1
自分達が逃げ切ればOKって考えれば、原発は最高,irony_sentence,irony_sentence,1
良さだからね,irony_sentence,irony_sentence,1
素敵なレディねぇ,irony_sentence,irony_sentence,1
国になるのでは？,irony_sentence,irony_sentence,1
全くの無傷で、かすり傷一つ負ってないんですが、何か__？,irony_sentence,irony_sentence,1
詩的,irony_sentence,irony_sentence,1
さすが真似,irony_sentence,irony_sentence,1
似合っとるで,irony_sentence,irony_sentence,1
プロならばの話ですが,irony_sentence,irony_sentence,1
暗黙の了解みたいなのがあってとっても人間味があっていいですね!!!,irony_sentence,irony_sentence,1
ギャグ物ですよ…,irony_sentence,irony_sentence,1
アルカンタラありがとう,irony_sentence,natutal_situation,0
削り甲斐がありそうですね,irony_sentence,irony_sentence,1
ライス抜きなんて食わなきゃなんだよ,irony_sentence,irony_sentence,1
コメントないのに一人で話し続けられる,irony_sentence,natutal_situation,0
豊富だね,irony_sentence,irony_sentence,1
はやし,irony_sentence,irony_sentence,1
もう少し生きる力があったら詐欺まがいのことを平気でやっただろう。##,irony_sentence,irony_sentence,1
サヨナラ自民党,irony_sentence,natutal_situation,0
骨は太いかも,irony_sentence,irony_sentence,1
「素敵なレディねぇ」,irony_sentence,irony_sentence,1
まともに暮らしてる,irony_sentence,irony_sentence,1
見たくない物は見ない、素敵な性質ですね♪,irony_sentence,irony_sentence,1
ついている,irony_sentence,natutal_situation,0
マッサをチームから追い出せ,irony_sentence,natutal_situation,0
優雅だよね,irony_sentence,irony_sentence,1
あの辺の扇動屋あんまり存在価値がないんじゃないか？,irony_sentence,irony_sentence,1
性格##,irony_sentence,irony_sentence,1
十分平和そうに見えてしまうが,irony_sentence,irony_sentence,1
ホテルマンは気をつけなくてはいけないな,irony_sentence,irony_sentence,1
呼ばれたいのでしょうか,irony_sentence,irony_sentence,1
スペースキャバクラはアリ,irony_sentence,irony_sentence,1
出来が良い写しの活躍,irony_sentence,irony_sentence,1
人生の先輩マジリスペクトですわ,irony_sentence,irony_sentence,1
こうもふいにするなんて凄いなぁ…って思いましたね,irony_sentence,irony_sentence,1
私は死刑になるのかもしれない,irony_sentence,irony_sentence,1
佐川には日頃お世話になってる,irony_sentence,irony_sentence,1
メンタル強くて憧れちゃうな,irony_sentence,irony_sentence,1
褒めそやす##多様性豊か,irony_sentence,irony_sentence,1
良いですねぇ,irony_sentence,irony_sentence,1
やばい,irony_sentence,irony_sentence,1
GTAで平和平和うるさい奴,irony_sentence,irony_sentence,1
最高におもろい。,irony_sentence,irony_sentence,1
パイ増えると思います。,irony_sentence,irony_sentence,1
桜の時期はとっくに過ぎてるぞ,irony_sentence,irony_sentence,1
刑務所でいい子にしていたら8年弱で仮釈放できるから、生き続けられてよかったね。　,irony_sentence,irony_sentence,1
人前で化粧ができるのを尊敬する,irony_sentence,irony_sentence,1
準優勝おめでとう,irony_sentence,irony_sentence,1
お疲れ様です,irony_sentence,irony_sentence,1
呑気でいいですね,irony_sentence,irony_sentence,1
嬉しいやろ,irony_sentence,irony_sentence,1
毎日暇してそう,irony_sentence,irony_sentence,1
信頼できるのか,irony_sentence,irony_sentence,1
判定でストレスが溜まるのも数回でやめる理由になる,irony_sentence,irony_sentence,1
奴隷の待がじゃ,irony_sentence,irony_sentence,1
空中換装訓練はこの後何回も見ることになる奴ですね,irony_sentence,irony_sentence,1
スッキリしたかも！！明日も体温たのしみ！！,irony_sentence,natutal_situation,0
ふりおとすね絶対に,irony_sentence,irony_sentence,1
チリのキャプテンでもある,irony_sentence,natutal_situation,0
格別だなあ！！,irony_sentence,irony_sentence,1
奇妙な物語で30分で済むものを引き延ばしておかしなオチつけた,irony_sentence,natutal_situation,0
いじめこそ日本の文化,irony_sentence,irony_sentence,1
修学旅行ですね,irony_sentence,irony_sentence,1
稀に見る最低最悪の本末転倒やね,irony_sentence,irony_sentence,1
素晴らしい住宅,irony_sentence,irony_sentence,1
女性フィルターを通すとこんなにも詩的になるのね。,irony_sentence,irony_sentence,1
よくアイドルと政治は別だから楽しませて！って言えるなうふふ,irony_sentence,irony_sentence,1
葬式みたいだな,irony_sentence,irony_sentence,1
まずい,irony_sentence,irony_sentence,1
衰退していく国にはふさわしい総理だと思います,irony_sentence,irony_sentence,1
職業覇道組！羨ましいゾ__,irony_sentence,irony_sentence,1
金で集めた優秀な人材,irony_sentence,irony_sentence,1
ホークスのキャッチャー育てるの上手い,irony_sentence,irony_sentence,1
フラッペなんてスタバ以外で飲まない,irony_sentence,irony_sentence,1
司令官,irony_sentence,irony_sentence,1
自民党は凄えや!?ｗｗ,irony_sentence,irony_sentence,1
盛り上がるんだろなぁ,irony_sentence,irony_sentence,1
おば産は何かと大変なので、若い世代は反面教師にして欲しいですね。,irony_sentence,irony_sentence,1
暇なのは羨ましいです,irony_sentence,irony_sentence,1
スゴいドラマなんです,irony_sentence,irony_sentence,1
全部,irony_sentence,natutal_situation,0
へた,irony_sentence,irony_sentence,1
素直に凄い,irony_sentence,irony_sentence,1
なにがいいのかな,irony_sentence,irony_sentence,1
Twitterで禁止されるのを避けるため、先回りして言っておくと,irony_sentence,irony_sentence,1
政治家だけはいくらボケてても金もらえんの羨ましいです##,irony_sentence,irony_sentence,1
さぞ素晴らしい取り組みですね,irony_sentence,irony_sentence,1
すごいウイルスソフトだ,irony_sentence,irony_sentence,1
サムスンに感謝,irony_sentence,irony_sentence,1
実に香川らしい事業だと思う,irony_sentence,irony_sentence,1
わかりやすくて助かるよ,irony_sentence,irony_sentence,1
連中が日頃侮辱している”おっさん”なんですよね。,irony_sentence,irony_sentence,1
？？？？##,irony_sentence,irony_sentence,1
比較的賛同得られそうな、民衆が団結して取り組めそうな,irony_sentence,irony_sentence,1
育の賜物だな,irony_sentence,irony_sentence,1
奴の股間はよほど綺麗なんだなと感心した,irony_sentence,irony_sentence,1
独身で彼女もいない,irony_sentence,natutal_situation,0
そんなに人間が好きになったのか、ウルトラマン,irony_sentence,irony_sentence,1
仕事してる,irony_sentence,irony_sentence,1
特にありません,irony_sentence,irony_sentence,1
自分は画伯です,irony_sentence,irony_sentence,1
それより後に自分の絵を宣伝するクソ強メンタルムーブ凄すぎでしょ…,irony_sentence,irony_sentence,1
素敵な奥様,irony_sentence,irony_sentence,1
笑える,irony_sentence,irony_sentence,1
おもしろ！,irony_sentence,irony_sentence,1
良い趣味をしていますね,irony_sentence,irony_sentence,1
「天才だ」,irony_sentence,irony_sentence,1
羨ましいわぁ,irony_sentence,irony_sentence,1
脳ミソも筋肉でできているような人達の集まりですから,irony_sentence,irony_sentence,1
日本映画を規制した方がいいんじゃない,irony_sentence,irony_sentence,1
LGBTトイレ,irony_sentence,natutal_situation,0
できた,irony_sentence,natutal_situation,0
テキトー,irony_sentence,irony_sentence,1
病みツイートを見て貰える,irony_sentence,natutal_situation,0
頭の良い人はやることが違うね。,irony_sentence,irony_sentence,1
サイコパス先生ですね##相手の気持ちを考えられないのに教育者になれるんだから、日本は大したもんだ,irony_sentence,irony_sentence,1
自民党にも責任がある,irony_sentence,irony_sentence,1
スト読みたいよ…。イデアとオルト…どうなったんやシュラウド兄弟。,irony_sentence,natutal_situation,0
インタビュー,irony_sentence,irony_sentence,1
無断転載のアイコンでお気持ち表明してる人面白いね##,irony_sentence,irony_sentence,1
ツイフェミと仲良くすると良いですよ,irony_sentence,irony_sentence,1
上級者,irony_sentence,irony_sentence,1
異常や不具合が多発する機械を導入してることが問題だと思いませんこと,irony_sentence,irony_sentence,1
言いそうかも？,irony_sentence,irony_sentence,1
そちらの景色はどうですか？,irony_sentence,irony_sentence,1
面白すぎない？？,irony_sentence,irony_sentence,1
プレチョロ,irony_sentence,irony_sentence,1
わざわざ化学式探させる苦労もありがとう,irony_sentence,irony_sentence,1
口ごたえしたことがない,irony_sentence,irony_sentence,1
キリチャレ,irony_sentence,irony_sentence,1
かなり儲けた,irony_sentence,irony_sentence,1
質の良い地獄,irony_sentence,irony_sentence,1
MARCH附属校時代の女の子達,irony_sentence,irony_sentence,1
日本語がお上手なことで,irony_sentence,irony_sentence,1
スゴ味があるぞ,irony_sentence,irony_sentence,1
柴崎,irony_sentence,irony_sentence,1
なんで高齢者しか,irony_sentence,irony_sentence,1
平和ですね,irony_sentence,irony_sentence,1
物は言いようだね,irony_sentence,irony_sentence,1
神ゲー,irony_sentence,irony_sentence,1
皆さん,irony_sentence,irony_sentence,1
遠回しに批評してた,irony_sentence,irony_sentence,1
モニタリング,irony_sentence,irony_sentence,1
これがDR:Aの実力,irony_sentence,natutal_situation,0
重課金ヘビー,irony_sentence,irony_sentence,1
みたいなこと言ったり…),irony_sentence,irony_sentence,1
真実ではない,irony_sentence,irony_sentence,1
未だに鬼が出てこないから普通に嘘,irony_sentence,irony_sentence,1
一生働ける,irony_sentence,irony_sentence,1
友達多そう,irony_sentence,irony_sentence,1
フェミニスト,irony_sentence,irony_sentence,1
ノーマスク,irony_sentence,irony_sentence,1
グラ社会人,irony_sentence,irony_sentence,1
１週間しかいなかったくせに,irony_sentence,irony_sentence,1
頭が良いはずの官公庁の職員さんや政治家の皆さん,irony_sentence,irony_sentence,1
いいよなー,irony_sentence,irony_sentence,1
人の手首は高速回転モーターだなと思った,irony_sentence,irony_sentence,1
はやさや,irony_sentence,irony_sentence,1
さまこな,irony_sentence,irony_sentence,1
ジャ家の教育の賜物なのか,irony_sentence,irony_sentence,1
パターン,irony_sentence,irony_sentence,1
すごい想像力と推理力,irony_sentence,irony_sentence,1
どうなるか楽しみです,irony_sentence,irony_sentence,1
大量,irony_sentence,natutal_situation,0
逆に羨ましいなぁ…,irony_sentence,irony_sentence,1
幸せそうで何よりだねぇ,irony_sentence,irony_sentence,1
かしこ,irony_sentence,irony_sentence,1
やれない,irony_sentence,irony_sentence,1
批判の中の事実に同意する,irony_sentence,irony_sentence,1
おめでとう,irony_sentence,irony_sentence,1
羨ましくもある,irony_sentence,irony_sentence,1
友好都市,irony_sentence,irony_sentence,1
良いよねぇ,irony_sentence,irony_sentence,1
確率変動,irony_sentence,irony_sentence,1
かなり楽しそう,irony_sentence,irony_sentence,1
神様です,irony_sentence,irony_sentence,1
楽しみですね,irony_sentence,irony_sentence,1
少しでも見習いたいわ,irony_sentence,irony_sentence,1
うまい返し,irony_sentence,irony_sentence,1
さぞや論理的に粛々と説明できる事でしょう,irony_sentence,irony_sentence,1
規制した方がいいんじゃない,irony_sentence,irony_sentence,1
考えが違いますねぇ,irony_sentence,irony_sentence,1
ふつう,irony_sentence,irony_sentence,1
夏はゆっくりできるよ,irony_sentence,irony_sentence,1
素晴らしい見出しですね。,irony_sentence,irony_sentence,1
ご教示いただけたら嬉しいです,irony_sentence,irony_sentence,1
平和だなあ,irony_sentence,irony_sentence,1
残念だけど無駄,irony_sentence,irony_sentence,1
見事に当たっています,irony_sentence,irony_sentence,1
検索避けで使えそう,irony_sentence,irony_sentence,1
初心者だよ,irony_sentence,irony_sentence,1
良いなぁ,irony_sentence,irony_sentence,1
賃金を上げる,irony_sentence,irony_sentence,1
だとしたら優秀だわな,irony_sentence,irony_sentence,1
解釈一致公式ありがとう,irony_sentence,irony_sentence,1
助かった,irony_sentence,natutal_situation,0
格別だなあ,irony_sentence,irony_sentence,1
全てにおいてよかったのかな,irony_sentence,irony_sentence,1
実力,irony_sentence,irony_sentence,1
傍若無人,irony_sentence,irony_sentence,1
私の30分返せよ！！！！！w,irony_sentence,natutal_situation,0
y-゜゜゜ﾄｺｰｿｰ2ｶｲﾋﾃｲｻﾚﾃﾓﾏﾀﾞｱｷﾗﾒﾅｲﾄｲｳｵｳｼﾞｮｳｷﾞﾜﾉﾜﾙｻｶﾞｱﾙﾆｾﾖ……｡##,irony_sentence,natutal_situation,0
本当に辛い,irony_sentence,irony_sentence,1
真面目君も増えたものだなぁ,irony_sentence,irony_sentence,1
愛国者,irony_sentence,irony_sentence,1
聖職者的である,irony_sentence,irony_sentence,1
三番に置くよりはええ,irony_sentence,irony_sentence,1
環境に優しいね,irony_sentence,irony_sentence,1
元の箱ライブに戻ったらそんなの無理だよ？俺は近々来ると思われるその日を見据えて絶対終演まで行かない,irony_sentence,natutal_situation,0
我が国の未来は明るいと言えますね,irony_sentence,irony_sentence,1
特権階級うらやましいね,irony_sentence,irony_sentence,1
困る困る,irony_sentence,irony_sentence,1
さすがNHKって、思いましたよね！！,irony_sentence,irony_sentence,1
贈り物に最適,irony_sentence,irony_sentence,1
公約なんて寝言だしね,irony_sentence,irony_sentence,1
「奴隷」も活躍できる,irony_sentence,irony_sentence,1
さぞや削り甲斐がありそうですね,irony_sentence,irony_sentence,1
ありません,irony_sentence,irony_sentence,1
次の人生も頑張れ,irony_sentence,irony_sentence,1
私はハ○ヒだったんだ〜って曲だよね劇場版ではあんまり出番なかったくせに！##,irony_sentence,irony_sentence,1
すぐにできませんよね,irony_sentence,irony_sentence,1
どうもわざとやってるようにしか見えない,irony_sentence,irony_sentence,1
"無理やり異性愛をねじ込んだ""ような",irony_sentence,irony_sentence,1
と言い渡したら,irony_sentence,irony_sentence,1
先生か##,irony_sentence,irony_sentence,1
ちょくちょく,irony_sentence,irony_sentence,1
多分カムバもめっちゃ楽しむんだろうね,irony_sentence,irony_sentence,1
日頃お世話になってるからさっさと潰れて欲しいけど,irony_sentence,irony_sentence,1
シリアス,irony_sentence,irony_sentence,1
俺様かよ,irony_sentence,irony_sentence,1
ちょっと素敵よね。,irony_sentence,irony_sentence,1
ええやん,irony_sentence,irony_sentence,1
パパ活を合法化して大いに奨励しましょう,irony_sentence,irony_sentence,1
最近の原作並に素晴らしく感じてしまう,irony_sentence,irony_sentence,1
支那嫌い,irony_sentence,irony_sentence,1
さすが自由の都！,irony_sentence,irony_sentence,1
出会えてよかった,irony_sentence,irony_sentence,1
間違えて入っていない,irony_sentence,natutal_situation,0
ボロカス言う人たち好きよ,irony_sentence,irony_sentence,1
魅力,irony_sentence,irony_sentence,1
本当にいい思いで,irony_sentence,irony_sentence,1
鈍すぎて羨ましい,irony_sentence,irony_sentence,1
広瀬さんと松嵜さんが同じ学校出身,natutal_situation,natutal_situation,1
"今日は軽く筋トレした。
腰痛が出たらアウトだから。
尻トレ頑張ってきたらほんとにこれだけ多忙でも腰痛が出てない",natutal_situation,natutal_situation,1
出会う,natutal_situation,natutal_situation,1
"凄いのが、

24日来てくれた方々が25日に全員来てくれる",natutal_situation,natutal_situation,1
"同じくお困りの方に声をかけていただいて相乗り🚕で宇都宮駅に到着！助かった〜😂
しかもフォロワーさんだった",natutal_situation,natutal_situation,1
"いつもの毎日が
　　　特別な毎日に変わったのは
　King &amp; Prince ",natutal_situation,natutal_situation,1
"全9公演お疲れ様でした💚💙❤️💗💛
フードマンたちの熱量に毎公演圧倒されまくりでした🤤
たくさん笑って最後には泣いて…
楽しかった5日間が終わるの寂しいなぁ🥲
これからの未来も、舞台",natutal_situation,natutal_situation,1
"こちらのライブでもフォロワー様とバッタリ！！！
しかもお2人のフォロワー様に挟まれた指定席",natutal_situation,natutal_situation,1
米津玄師の来年のツアーまさかの地元開催,natutal_situation,natutal_situation,1
"途中工事もあった(笑)HighwayXツアー、無事に完走本当に本当にお疲れ様でした！！😭✨
稲葉さんが",natutal_situation,natutal_situation,1
影片みか,natutal_situation,natutal_situation,1
今日だけで関係した歌みたが3本投稿される,natutal_situation,natutal_situation,1
裸足の女神がピンボケしてしまい、アンコールで再度演奏する,natutal_situation,natutal_situation,1
一昨日の話なんですけど…明日が旦那の誕生日なので、アマゾンさんで物を買い、１１月２６日～１１月２７日に到着するようにしてたんですが、何の間違いか私のいない１１月２５日に届いた上に宅配ポストって設定してたのに自宅にピンポーンて届いて旦那が受け取る,natutal_situation,natutal_situation,1
ポケモン始めてから2匹色違い出たけど両方ゴルダック,natutal_situation,natutal_situation,1
一歌のバースデーギフトが自分の誕生日に届く,natutal_situation,natutal_situation,1
"もしサイン会も間に合って行けてたら!
同じ日に推し二人に会える",natutal_situation,natutal_situation,1
レオン：数週間前にマックでテイクアウトをした際に『エクトル大尉の月見バーガーだけ卵が挟まっていなかった』という悲しい事件があったんだが、今日買った月見バーガーに『エクトル大尉のバーガーだけ卵が2枚挟まっていた』,natutal_situation,natutal_situation,1
"ジャグジーズ代表とジャグチーズ代表

打ち合わせ全くしてないのにも関わらず
ポーズが被る",natutal_situation,natutal_situation,1
結局、１２０連回して☆３が７人近くきたけど、PUのワンダーアキュート０枚,natutal_situation,natutal_situation,1
"骨伝導イヤホンいいなぁ〜😭なんて思っていてAmazonブラックフライデーで安くなっているのを欲しいなぁ〜と呟いたら、嫁さんが誕生日プレゼントに買えば〜と…😭
",natutal_situation,natutal_situation,1
"某お洋服屋さんにいったら
「ユリカ様のスカートですよね！」とショップのお姉さんに気付いていただいて、調子こいてパーカーまで見せびらかしていたら、そのお姉さん、まさかのアイカツスタイルの元店員さん",natutal_situation,natutal_situation,1
本日2本目のライブ見たけど、まさかの2本目が、2ステージになる,natutal_situation,natutal_situation,1
当選をキッカケに再び動き出した3人が...また同じくらいの日から活動を停止する,natutal_situation,natutal_situation,1
連射することに集中しすぎると16ダメ2個,natutal_situation,natutal_situation,1
仕事ドンピシャで2時間休憩入ったからコスタリカ戦見れてる,natutal_situation,natutal_situation,1
"今日は結構頑張ってターキー探してなんと、4体倒しました…！😳(すごく少ないけど私にとっては大きい☺️
しかもそのうち3体が5本骨落とす",natutal_situation,natutal_situation,1
"こんな時に笑いの神が！
割れたというよりフクロウさんだけ抜け落ちた",natutal_situation,natutal_situation,1
リア友と連番決まったしぬ。ガチ良かった安心。2日間どっちも当たる,natutal_situation,natutal_situation,1
だから私がもし親になる,natutal_situation,natutal_situation,1
"#NintendoSwitch
きるすう同じ",natutal_situation,natutal_situation,1
"さん、さんと御前山サイクリングフェスティバルに参加してきました！
全員赤",natutal_situation,natutal_situation,1
"ディボ欲しすんぎ🤣
前に3個買って１つは師匠にあげたらその人クレーバーで俺の2個G7",natutal_situation,natutal_situation,1
我々の平穏は、たまたま十二指腸がかゆくない、,natutal_situation,natutal_situation,1
昨日ののせの新衣装のスクショ123枚,natutal_situation,natutal_situation,1
alcoholfreeとlovediveをネタ曲化させたスングァンとsneakersをネタ曲化させたゴニキ、98line,natutal_situation,natutal_situation,1
"シンドバッド大千穐楽お疲れ様でした‼️黒田くんに頭ポンポンする嶺亜くんバチイケメンでしんどかった ߹ 𖥦 ߹ 
昼夜全く一緒の席",natutal_situation,natutal_situation,1
邦画3本完遂。1本目と2本目の間が10分、2本目と3本目の間が5分,natutal_situation,natutal_situation,1
"今足柄のパーキングエリアでデロリアン見た！！！！！！！
BTTFのイベントに来た帰りに見る",natutal_situation,natutal_situation,1
あぁー、お店に来るお客様が実はお屋敷をしってて、たまたま歌劇団が好きで、その中でも団員さん推しなん,natutal_situation,natutal_situation,1
そうなのよ…こんなに相性がいい人に出会える人生ってなかなかないよね🥹しかもふたりとも顔がいい,natutal_situation,natutal_situation,1
昨年のクリスマスのこちらがメモピになる,natutal_situation,natutal_situation,1
もぐ考案のサインが2つもある,natutal_situation,natutal_situation,1
中の人が候補生なのに、それ以外が守護女神の刻晴,natutal_situation,natutal_situation,1
当たる,natutal_situation,irony_sentence,0
"入って来ました。部品代金は50万
合計170万確保出来、また義弟のおかげにより割引きを受け

なんと10,000円以内にて新車購入が出来ちゃう",natutal_situation,natutal_situation,1
写真撮っていただける,natutal_situation,irony_sentence,0
"おはようございます！
珍しく朝から予定があると思って動いてたのですが年に1回やらかすかどうかの寝坊をしてとても焦りましたがなんだかんだ待ち合わせ時間に間に合う",natutal_situation,natutal_situation,1
今年は家族含め誰からも誕プレを貰っていない,natutal_situation,natutal_situation,1
土日どっちも健康的な時間に起床する,natutal_situation,natutal_situation,1
ドンブラザーズが全員集合,natutal_situation,natutal_situation,1
おそらく体内時計がSnow Manというかなんというか阿部亮平なので、寝るの2時くらいになっちゃったのに、インスタライブのために9時に起きれた,natutal_situation,natutal_situation,1
柴多氏がS氏にこき使われているF氏をいたわってくれる,natutal_situation,natutal_situation,1
"そうなのよ
いでたく独歩、ご本人の配慮なのかキャスティングの大勝利なのかわからんがいとけんさんと紘大くんの成分どっちも多分に入ってて原作聞いててもステ聞いてて違和感や抵抗感なく聞ける上にべらぼうにうまい",natutal_situation,natutal_situation,1
寝過ごしても職場の最寄り,natutal_situation,natutal_situation,1
あの頃のセガはマジでバカゲーばっかり作ってたけど、そのバカゲーのほとんどが神ゲー,natutal_situation,natutal_situation,1
もえかちゃんの乗ってるバス同じ,natutal_situation,natutal_situation,1
調べようとしたら、キンブリックスナウと迷路人（良い子は誰と誰のことか分かるよね？）の毛新宇ネタ共作,natutal_situation,natutal_situation,1
え！？,natutal_situation,irony_sentence,0
レオナちゃんと呼びたいしつい呼んでしまうところだが、可愛い髪型とメイクでイメチェンしてちょっとお着替えしただけなので普通に少年なんだよな……よってこれもレオスくんなのか…………いやバグるバグるバグる頭おかしなる　ヘキ歪む〜〜〜最高　レオスくんちゃん,natutal_situation,natutal_situation,1
500円最後5回目でまさかのサインボール当たる,natutal_situation,natutal_situation,1
"用事の前にちょろっと五霞まで
面白そうなフリマやってる♪
バイクいっぱい　しかも900忍者、RX、テン",natutal_situation,natutal_situation,1
"先日のお米プレゼントさせていただきました！
実は今日岡山国際サーキットに皆さん集まる",natutal_situation,natutal_situation,1
西武池袋線沿線にお店があるからこそですよね😁そして、源田選手がライオンズに入団,natutal_situation,natutal_situation,1
そんな鷲羽山ハイランドがポプテピピックのエヴァ回で出てきた,natutal_situation,natutal_situation,1
ここにくるまでコペンと１台もスレ違わない,natutal_situation,natutal_situation,1
虫歯の人やその他諸々歯の病気の人は一生これなのだと思うと悲しくなりますね。虫歯になったことあるけど、たまたま全部抜けてくれたのでノーダメージ,natutal_situation,natutal_situation,1
ダンスレッスンから6ヶ月後にまた会う,natutal_situation,natutal_situation,1
世界が「無→一→対→多」,natutal_situation,natutal_situation,1
バレーやってて今日暇,natutal_situation,natutal_situation,1
87枚,natutal_situation,natutal_situation,1
冷静に考えて、11万リゼロに突っ込んでやっと勝ち取ったRushで26000発出てほぼ捲るなん,natutal_situation,natutal_situation,1
"DAY1

大好きなお友達にやっと会えた！！！
しかも神席引いてくれる",natutal_situation,natutal_situation,1
世界の構造を分析してみると、「無→一→対→多」,natutal_situation,natutal_situation,1
なかなか寝ない赤ちゃんには、スワドルアップがおすすめ。お腹の中にいた時と似てる姿勢になれることで、安心して眠れる,natutal_situation,natutal_situation,1
"忍ツボ私の所持してる強キャラと推しをねじ込んだだけなんだけど
土井先生達→学園所属攻撃力アップ
乱太郎→経験石レア出現率アップ
伊作→経験石ドロップアップ&amp;小銭アップ
きり丸→小銭アップ
仙蔵→宝烙火矢出現率アップ
三木ヱ門→ 宝烙火矢ダメアップ
",natutal_situation,natutal_situation,1
おはようございます。オンラインライブ最高でしたね。ライブ後に地蔵になり1時前にふと目が覚めバギクラリアタイ,natutal_situation,natutal_situation,1
おはようございます。11/26 神戸ヘラバラウンジありがとうございました！ サンサンタウンは一週間で二回対バン,natutal_situation,natutal_situation,1
__🤣ツーシートの横がチームかほ,natutal_situation,natutal_situation,1
"おはようございます🌞🌈
昨日はお友達の家でサンクスギビングして来ました❤️

なんと、女子5人中3人が妊婦さん",natutal_situation,natutal_situation,1
"湯気が朝日に輝いている
24時間のうちのほんの数分
私は生かされている",natutal_situation,natutal_situation,1
"最近全然C21やってなかったので、一回目のガチャをしてきた
そしたら、グライノートが出てくる",natutal_situation,natutal_situation,1
おはよう☀なんと23時半前には寝た,natutal_situation,natutal_situation,1
"ありがとうございます…！！！！！
家族に助け求めようとして力抜けて、そこにちょうど尖った物があった…、",natutal_situation,natutal_situation,1
ラグボール編配信日と「アキバ冥途戦争」のラグボールパロディ回放送日が同日,natutal_situation,natutal_situation,1
初めての怪談イベなのに、全員推し,natutal_situation,natutal_situation,1
「自然」とは、（中略）東京のどまんなかに、こんなにもまっとうに「自然」がたちあらわれる,natutal_situation,natutal_situation,1
今日は前半全然お客様引けなくて遠隔ドリンクに助けられて、ご新規様対応したら共通の知り合いが居る,natutal_situation,natutal_situation,1
プラチナスキンの鬼に特殊演出のメメントもらう,natutal_situation,natutal_situation,1
阿部ちゃんおめでとう！29さいだね！誕生日が1日違いで、同じAB型,natutal_situation,natutal_situation,1
"お誘いありがとうございました😆❣️
偶然、東京で仕事",natutal_situation,natutal_situation,1
周囲全員コロナで壊滅したとき、1人生き残った,natutal_situation,natutal_situation,1
地元に推しがいる歓喜,natutal_situation,irony_sentence,0
"全画録勢も容量死ぬwww
しかも100時間リレーやった時の41日後はしさんの誕生日",natutal_situation,natutal_situation,1
エンバペ,natutal_situation,natutal_situation,1
単発6回目で来る,natutal_situation,natutal_situation,1
"フィッシュアイかわいいね………
漫画で読んだ時からかわいいとおもってるよ
虎も好きだけど魚ちゃんかわいいね
声帯石田彰",natutal_situation,natutal_situation,1
今解説してる岡ちゃんと高校時代にツーショット撮った,natutal_situation,natutal_situation,1
"久しぶりに弾いたら弦高
高過ぎ…すぐ下げる…
アホほど弦高が高いのにやっと
気がついた………
ちなみに赤丸のとこは
白田さんに書いてもらう
",natutal_situation,natutal_situation,1
"ドリショ横アリ1日目💚
念願のドリショ🥹立ち見だったんだけど友達が隣",natutal_situation,natutal_situation,1
それがさ、私が丁寧にやったのではなく下から撮った効果とsnowちゃんの適当に設定してた加工がめっちゃふーちゃにあってた,natutal_situation,natutal_situation,1
俺の友達もパンドラとルミナリア持ち,natutal_situation,natutal_situation,1
ヒトムのテラスタルが捕まえた時のドラゴンのままなんだけど、ラストマリルリ対面でアクジェを耐えて返しで勝つ,natutal_situation,natutal_situation,1
"新規入会の抽選で
私→サイン入りポラロイド
友達→サイン入りグッズ
が当たりまして💦

私に至っては、ミニョクがピンポイントできた",natutal_situation,natutal_situation,1
"V'S PANTSにTiny TANを詰め込めるか⁈
郷に入れば郷に従えを地でいくと言わんばかりの欧米風のイェス✨
キメのポーズもきまったし、Tiny TANもヴィーズパンツ上で仲良しに整う",natutal_situation,natutal_situation,1
エヴァのCMの後,natutal_situation,natutal_situation,1
金曜日の夜にまさかの芝浦PAが開いてる,natutal_situation,natutal_situation,1
抽選会も予選も既に休みをいれていた,natutal_situation,natutal_situation,1
4000円でサブのデスクが作れる,natutal_situation,natutal_situation,1
色違い引いた上に証付きでその証の確立1000分の１とう,natutal_situation,natutal_situation,1
今日十座さんずっと「これ何なんすか！？」って言いながら顔ハートしていて 最後も怪訝そうに顔ハートされて 万里さんは一歩前に出ていて多分見えていなかったと思うのですがたまたまその瞬間万里さんもキメ顔で顔ハートされて 左右から幕が閉じしんまけふたりの顔ハートが最後の光景になる,natutal_situation,natutal_situation,1
さつきちゃんと今週全部シフトが被らない,natutal_situation,natutal_situation,1
"パトロールご苦労様です(｀･ω･´)ゞﾋﾟｼｯ
しかも知らないオルカ先生がそのワードを出す",natutal_situation,natutal_situation,1
そしてビンゴ大会では、演奏チームからふたりがワンツーフィニッシュしてしまう,natutal_situation,natutal_situation,1
昨日(日付変わったから一昨日？)薬が4つも追加されたという割とヤバい状態から、もう熱も下がって声も出る,natutal_situation,natutal_situation,1
実は幼少期自分のことを双子だと思い込んでいたんですが(話すと長いので割愛)、前職でメンバー5人しかいないのにガチ三つ子先輩、ガチ双子後輩、かつて自分を双子だと思い込んでいた尹。というスタッフの半数以上が多胎児(一部思い込み含む),natutal_situation,natutal_situation,1
9号機単発確定,natutal_situation,natutal_situation,1
九十九「『ほうれんそう』ができねぇ奴らばっか揃ってるせいで八恵の誕生日ケーキを俺、クソ姉貴と樋山、佐倉が買ってくる,natutal_situation,natutal_situation,1
この前の当直明けも、私も疲労からか🥧張らず、朝まで眠りこけ、娘も起きなかった,natutal_situation,natutal_situation,1
いやいやww このコスってめちゃくちゃ視界が狭くて「一緒に撮ってもいいですか？」って声で「はい！ もちろん！」って答えたら係の人が二人ほどいらっしゃって……「あれ？」って思いながら撮って後で( ﾟдﾟ)ﾊｯ!ってなった,natutal_situation,natutal_situation,1
"Abemaのベルセルク黄金時代編
ゴッドハンドのボイドのイメージシーンからログレスの9周年記念虹色アフロが繋がってしまう",natutal_situation,natutal_situation,1
事実、偶然とは言え朝とソルロックは心を読む,natutal_situation,natutal_situation,1
令和のわたしの推しが、昭和の母の推しの曲をカバーする,natutal_situation,natutal_situation,1
"珍しく推し自引きの色紙と
バンジーガムの食玩のダブりがクロロとイルミ",natutal_situation,natutal_situation,1
ともだちと行くとお互いの推ししか出ない,natutal_situation,natutal_situation,1
明日楽しみすぎるけど1人で待つの寂しいからフォロワーさんと整番前後,natutal_situation,natutal_situation,1
"CoC『さよならを言いにきた 優等生×不良』
KP:おんさん
PC(PL):HO優等生 文月 胡桃(シズナ)
             HO不良 獅童 龍騎(りんご)

楽しかったです、出目カスコンビ
成長判定でお互いファンブルを出す",natutal_situation,natutal_situation,1
"初FATEGEAR,ツーマンでまだ見たことのないセカイ。まだセカのサポートがJUNNA",natutal_situation,natutal_situation,1
去年の阿部ちゃんの誕生日から始まり、今年の担当様の誕生日は全て夜勤,natutal_situation,natutal_situation,1
"ニーアのおみくじはSNSに載せても大丈夫なんだよね？(´ｰ｀)

昼公演のあとにみんなで寄せ集めたら大大大大凶がなかったから、夜公演で誰か大大大大凶を引けますようにって祈ってたら、私も含め、7人中4人が引く",natutal_situation,natutal_situation,1
"ngyライビュin岡山　1DAY
with 机角さん ",natutal_situation,natutal_situation,1
"アトリエ見ながら、こげきゅう編み編み。
本当はファンミ時のうちわにしようと材料を買い揃えていたのに、3階の端の端",natutal_situation,natutal_situation,1
フィーバー3回起こる,natutal_situation,natutal_situation,1
近くのセブンでばったり仕事仲間の人と会う,natutal_situation,natutal_situation,1
"キンプリで落ちてたけどめめくんのおかげで元気でた🖤
しかもスタンド3列目",natutal_situation,natutal_situation,1
先日遠出した時、ナビに言われるがまま通った知らない道の小さな中古車屋さんに、夏に車買い替えた時にお別れした私の車が並んでいた,natutal_situation,natutal_situation,1
"手渡し完了！(*´ω｀)✨
喜んでくれてるといいなあ…✨
倉田さんはこのあとフィギュアを持って会場を練り歩いてくださいました…え、夢？？💦マジ！？✨

その後も2次会では同じイスの、しかも隣に座らせていただく",natutal_situation,natutal_situation,1
去年の年末は、コロナで止まっていた時間をデビュー13組で動かす,natutal_situation,natutal_situation,1
本日のまさご座さん、ポラネーム「スギちゃん」が３名揃う,natutal_situation,natutal_situation,1
確率としては0.64%、つまり1万回に64回は、189日stakingで600パーセント,natutal_situation,natutal_situation,1
"かっちゃんのディナーショー最高でした‼️
かっちゃんの喉の調子も良く、素敵な歌声でした👍
ダンスもお衣装もカッコいい‼️
そして、サイン入りマグカップは、当たらなかったけど、フォロワーさんと席がお隣になる",natutal_situation,natutal_situation,1
誕生日前に絵を完成させられた,natutal_situation,natutal_situation,1
体感日曜なのにまだ土曜,natutal_situation,natutal_situation,1
今日は旦那が会社の飲み会で、義母バイトで子ども達が全員8時前に寝てくれる,natutal_situation,natutal_situation,1
"手がひらひらかわいいね、きれいね☺️
それにしてもほんま盛大にやったね秋の風まつり
あっこに自分がいた",natutal_situation,natutal_situation,1
"世界で最も古い歴史と伝統を持つ
天皇陛下126代目の2600年以上、
国が途切れた事がない",natutal_situation,natutal_situation,1
ずっと生で観たかった聴きたかった曲があり、しかもその曲で踊って欲しい人私的ナンバーワンの神谷健太さんが、こちら側サイドで踊ってくれる,natutal_situation,natutal_situation,1
まさかの最後のドンキホーテで入手出来る,natutal_situation,natutal_situation,1
"今日は色々と幸せな１日でした。
くじで引いた座席が大人の最前列で、しかも一緒に行ったおともだちと私の２人とも抽選でアッキーに番号を引いてもらえる",natutal_situation,natutal_situation,1
既に手元に繋がるアクスタ光が2つくる,natutal_situation,natutal_situation,1
あ、母が勤務先から勤続10年記念で宝塚のチケットを貰ってきたのが天海さんのトップお披露目公演だった,natutal_situation,natutal_situation,1
SUPER BEAVERはアイエヌアイの大夢が好きなんですけどそこも激アツですし、ハルアと将吾が同じ空間にいる,natutal_situation,natutal_situation,1
塩釜神社に行ってきました。お詣りしてるうちにだいぶ暮れてきてしまったけれど、夕暮れの神社の雰囲気も良い。４年前のツアーでここにお詣り来たら、その日のライブでピック３枚ゲット,natutal_situation,natutal_situation,1
近所の子とSNSで偶然知り合う,natutal_situation,natutal_situation,1
1回だけ、現代文Bの論述で満点Sランクで合計点数90,natutal_situation,natutal_situation,1
まさかの一つ空きの隣,natutal_situation,natutal_situation,1
また推し同士が共演,natutal_situation,natutal_situation,1
本日は家族がいなくて1人でフリーだったので、一日乗車券を買って広範囲の移動を伴う6件の用事を一気に済ませて来ました😆✨全て順調に上手く行きました〜めっちゃ運が良かった😋8月から6度行っても急な臨時休業ばかりで開いてなかったお店に、7度目の正直で無事入店出来たり,natutal_situation,natutal_situation,1
昨日地形図見て何気に引いたルートが完璧にラリーのコースとかぶっていた,natutal_situation,natutal_situation,1
"ありがとうございまとぅ‼︎😭
昔のニコ動はギャグ日パロで溢れてましたよねぇ…

猫、犬、おばあちゃん",natutal_situation,natutal_situation,1
職場でショウ推しの旅人に出会う,natutal_situation,natutal_situation,1
ししゃもほうれん草カレー,natutal_situation,irony_sentence,0
6落ち,natutal_situation,natutal_situation,1
今日受けるお客さんの便と嫁さんが仕事で戻って来た便がまさかの一緒,natutal_situation,natutal_situation,1
相席屋でシティライトの選手の知り合いに出会う,natutal_situation,natutal_situation,1
オフ会で出会ったフォロワーさんとリア友が被る,natutal_situation,natutal_situation,1
10年以上前に織姫神社や渡良瀬橋の音の鳴る石碑？歌に登場する「公衆電話」を探したりして2時間以上歩いているうちにワイナリーに何故か到着😅推しの古澤🎻さんの音が店？からきこえてくると思ったら翌週末に無料で演奏収穫祭？！,natutal_situation,natutal_situation,1
え！そうじゃん！なん,natutal_situation,irony_sentence,0
お風呂入ってご飯食べてまだ１１時前,natutal_situation,natutal_situation,1
"3年半ぶりほしこえ仙台市天文台からきたーく💫
藤原さんのベテルギウス解説にうるっとして、外に出たらすっごい綺麗なオリオン座が見られたのが印象的

あと、かに星雲は私の腕時計の壁紙だった",natutal_situation,natutal_situation,1
"スタトロ2列目の神席でした( ;   ; )💜
深澤くんを目の前で見れてめっちゃ好き~って気持ちがすっごく強くなりました🔅
ラウちゃんと翔太くんと目が合う",natutal_situation,natutal_situation,1
"6年ぶりにユニバ行ってきた😂😂
ジョーズが120分待ち",natutal_situation,natutal_situation,1
"本日の戦利品。
娘が大好きなモルカーの一番くじを引きに行って4回中 A賞3つ、C賞1つ",natutal_situation,natutal_situation,1
そう！！あとね！！コココガチャって言って、D.D.のラスサビ前のところで口に人差し指当ててる振りをカメラで抜く人が公演毎に変わるっていうのがあって、なんと、私が唯一参戦できた本日の夜公演にて1/9の確率で最推しのコココを引き当てる,natutal_situation,natutal_situation,1
先日の通勤電車内で、私を含め老若男女全員が本を広げていて、誰一人スマホを見ていない,natutal_situation,natutal_situation,1
昨日トイストーリーホテルのスリンキードッグパークで女性二人組の方に写真撮りましょうか？って声かけて頂いて、せっかくなのでお願いして私のスマホを渡して、その後お姉さんのスマホをお預かりして撮り合いっこしたんやけど、スマホケースが全く同じ,natutal_situation,natutal_situation,1
"金曜日はたぁさんとドンキ店までつぐみちゃんに会いに行きました☺️ドンキ店初めて！
他店ヘルプだからか、かなり余裕があった感じで、まさかのお出迎えから、提供、お見送りのバイバイまで全部つぐちゃん",natutal_situation,natutal_situation,1
"わたあめちゃーん！！！待ってすごい嬉しいありがとう😭🙌🏻💕
わたあめちゃんと繋がれてる",natutal_situation,natutal_situation,1
通常キットとして売り出されていた物がまさかのコレ,natutal_situation,natutal_situation,1
そして隣にいた友達がJeremiahのドラムスティックをキャッチする,natutal_situation,natutal_situation,1
"大変な時にブログ更新してくれてありがとう◎
今は何とか落ち着いてきたとのこと、体調がすぐれない中でも前向きになれる出来事があったこと、それが知れて一安心🥲
直近の歌番組は誕生日当日に主演ドラマ主題歌披露",natutal_situation,natutal_situation,1
"私が初めて最終ベルが鳴る公演に入ったのは、2019年6月15日。ベルになって2回目の公演で、最前だった😄
隣のつれがゆまなからイジられる",natutal_situation,natutal_situation,1
思い出② 気になって入ったカフェのメッセージがマモクラの指針すぎる,natutal_situation,natutal_situation,1
"ジュンくんを見てレイメイ入学を決める→ジュンくんが日和に声をかけられる→ジュンくんが日和におひいさんという渾名をつける→うんうんぼくは""おひいさん""だね",natutal_situation,natutal_situation,1
"バラチャレ頑張ってください！

逆にすごいと思います😇
それも会計2回に分けたんですけど、1回目王子くん2、2回目生駒さん2",natutal_situation,natutal_situation,1
この間、安くんを片腕で抱っこする,natutal_situation,natutal_situation,1
うっどすとっくねすと、ずっと行ってみたかった店がまさかのｷｮｰｰﾄに来てくれた,natutal_situation,natutal_situation,1
ジョーはずっと「るい」の名を呼びながら、トランペットのことを忘れることはなかったんだろうな、サッチモのるいだから。その名を呼ぶ幸せとトランペットが吹けない悲しさが表裏にある。同時に、トランペットとサッチモのおかげで存在に気づけて、出会えた,natutal_situation,natutal_situation,1
ママムと写真撮れる,natutal_situation,natutal_situation,1
ミトミ行ったら大好きなウィリーくんにお祝いしてもらえる,natutal_situation,natutal_situation,1
こちら本日の私の席の後ろがミヤ(,natutal_situation,natutal_situation,1
水溜りボンドのトークライブで、二人から話しかける,natutal_situation,natutal_situation,1
"11/26 セブチ　東京ドームめも📝
・スタンド1列目でセンステ近いしめちゃうぉぬくんサイド",natutal_situation,natutal_situation,1
ウェザーとアナスイの描き下ろしが立て続けに出る,natutal_situation,natutal_situation,1
インスタのフォロワーさんに海外の方がいらっしゃるのだけど、うちの身内が赴任してる土地の人だった,natutal_situation,natutal_situation,1
"竜太くんは声と性格がとても好きなのでダンスですごい！ってなったのは初めてかも。すみません。
竜太くんというキャラにバチハマりしたのがタイのTikTok",natutal_situation,natutal_situation,1
30年経って、大ちゃんの隣に今いるのがHIRO,natutal_situation,natutal_situation,1
弾道１パワーFミートF得能無しがホームラン,natutal_situation,natutal_situation,1
今回の舞台、わたしの最推しとニ推しが出ていて、しかもステショに一緒に写ってる,natutal_situation,natutal_situation,1
かなり厳しいですが配置変えたらレジェンドにも3連勝,natutal_situation,natutal_situation,1
ミトを見たあと、隣の方からいらないし、捨てるから欲しいならあげますって言われてアルゴをそのまま譲り受けました…一日でキー坊以外揃う,natutal_situation,natutal_situation,1
よく話し合うことが大切だと思います。私達は言葉という英知と、心,natutal_situation,irony_sentence,0
まさかの真綾さんライブ→ジャンキス配信ハシゴできた,natutal_situation,natutal_situation,1
天祢ぴえんを撮ろうとすると漏れなく、るゐちゃんがニヤニヤしながら寄ってくるのですが、るゐちゃんこそ美脚で小顔,natutal_situation,natutal_situation,1
"今「ヴァイオレット・エヴァーガーデン」の映画を見たんよ。
ボロ泣きだよ。
やっぱり、感動系の映画は一人じゃないと見れないや。真剣に涙してるとこ見られとーないもん。
けど、今まで感動泣きしてるところバレてない",natutal_situation,natutal_situation,1
1回の放送でお便り3通読まれる,natutal_situation,natutal_situation,1
"私事ではございますが本日11/26をもって26歳になりました🟣

誕生日に2公演ライブに入れた",natutal_situation,natutal_situation,1
今日の席が、アリーナのトロッコが通る通路の真横,natutal_situation,natutal_situation,1
園長様、飼育係の方々が一番淋しいお気持ちだと思います。私は未だに地べたで休むことができない繊細なシャンシャンが中国への長い移動に耐えられるのか、心配でなりません。私達はシャンシャンが心身健康なままで中国に渡れる、,natutal_situation,natutal_situation,1
他の漫画家に間違えて返却されていた原稿が陽の目を見た、,natutal_situation,natutal_situation,1
今回もプラボの生配信めちゃくちゃ面白かったー！！しらすに戻す,natutal_situation,natutal_situation,1
わぁありがとうございます🥹❣️ただでさえレアなのに,natutal_situation,irony_sentence,0
チケ余ってる,natutal_situation,irony_sentence,0
"▷◁.｡- - - - - - - 
  King &amp; Prince 
- - - - - - - -▷◁.｡

綺麗とは傷跡がない事じゃない
傷さえ愛おしい",natutal_situation,natutal_situation,1
両方で80連,natutal_situation,natutal_situation,1
推しが同じメンカラで同じ誕生日,natutal_situation,natutal_situation,1
"ついに来た…ちょこもなか…
菜々風様…美しいです…
明日ピオニーズカメコタイム",natutal_situation,natutal_situation,1
カラスさんがフレームインする,natutal_situation,natutal_situation,1
いつも思うんだけど、平気でツイッターランドに天才が蔓延ってて何が普通か分からないんだけど。神作品をタダで見れてる,natutal_situation,natutal_situation,1
"そういうときに限って仲良い人が言ってたりするよね(想像)
1日が24時間じゃなくなる",natutal_situation,natutal_situation,1
なんと昨夜、Familioツリーの前でカップル成立する,natutal_situation,natutal_situation,1
サンスポのポケGO号外記事、ちょうど配布場所が会場付近なのと、到着予定時間と配布時間帯も大差無い,natutal_situation,natutal_situation,1
トラジャ大阪に来てくれる絶好のチャンス到来,natutal_situation,irony_sentence,0
今朝無料単発でアストレア千秋来てくれたし、缶バッジ2個買ったらアストレアの2人が揃う,natutal_situation,natutal_situation,1
),natutal_situation,irony_sentence,0
今だいぶぐずぐずしたな…　最近予定たててそのとおりに動く,natutal_situation,natutal_situation,1
市長んとこ見に行ったら相変わらずぶっ飛んでてわろた。ぶっ飛んでる人しかいないの何で？ベッキョンとジニ落ち着いたと思ったら今度はミノで騒いでるし要請出しても受理される気しない🤣なのに何だかんだでギリ安全が保たれている,natutal_situation,natutal_situation,1
望さんからリプ来る,natutal_situation,natutal_situation,1
"ハイキューくじ引いてきた！！
稲荷崎が3人揃ってしまう",natutal_situation,natutal_situation,1
"💫［#シオン /#ONEUS ］
同じ事務所所属の兄弟グループに本物の双子のお兄さんが所属している",natutal_situation,natutal_situation,1
"会った事無くても、明るいメッセージをくださる方にずっと救われています。

偶然",natutal_situation,natutal_situation,1
"今日の出費、、早く帰るはずが、、
親が居て、店から出るタイミングで良かった🤦‍♀️
でも結局こっちが色々手配したけど、、
🚗の原因が何とか分かったし、代車がある",natutal_situation,natutal_situation,1
"自分が青アーマーで相手が赤アーマー、、でも、99は裏切らなーい🤣
なぜか昨日、リア友とやってる時、赤アーマーのホライゾンと赤アーマーのオクタンに青アーマーの自分が撃ち勝つ",natutal_situation,natutal_situation,1
"執着を作る奪う生き方から愛を捧げる生き方に変えて流れを変えます。
高次元の存在のヒマラヤ聖者につながり、祝福を受けて解放と変容の軌跡の旅を始めます。
心の習性の勝ち負け、比較から脱却し、愛のみを捧げ自由になる",natutal_situation,natutal_situation,1
チケット支払い行ったコンビニのレジしてた子がジャス民,natutal_situation,natutal_situation,1
"accessデビュー30周年おめでとうございます！
沈黙、にショックのあまりぶっ倒れて未だにトラウマな世代ですが、今となっては再始動してからの方がもうずっと長く活動して下さってる",natutal_situation,natutal_situation,1
今日は9時前に解散する,natutal_situation,natutal_situation,1
"実はFC先行、ClubGym、ぴあ、セブンイレブンと尽く落選
やけくそで申し込んだマッチングシステム当選",natutal_situation,natutal_situation,1
"会員限定ディナーショー…
参加できただけでも嬉しいのに…
まさかの最前席",natutal_situation,natutal_situation,1
"すごい(ꕤ ॑꒳ ॑*)ﾉ✨
それはいちぢくさんの愛により
季節外でも実とつけてしまう",natutal_situation,natutal_situation,1
なんとこの時間に終わる,natutal_situation,natutal_situation,1
城ホで近所のママ友とばったり会う,natutal_situation,natutal_situation,1
"カラオケでLDH系(三代目、ジェネ)を延々と流して、そこまで興味のない友人にその手の話を延々とするという……

結構キツイことしちゃったかな🥹
いや、まさかの宝塚ハイローを観てきた",natutal_situation,natutal_situation,1
みんな自引きとか,natutal_situation,irony_sentence,0
これが日本,natutal_situation,natutal_situation,1
SAP以来の海で一撃万発達成した！！！！うれしい⸜(◍ ´꒳` ◍)⸝駆け抜けるかな～って最初思ったらマリンちゃんが歌いだして？？？って見守ってたらMAXラウンド保留連,natutal_situation,natutal_situation,1
天体観測の缶バッジとシネマフェアの缶バを2回連続引く,natutal_situation,natutal_situation,1
しかも、なひちゃん出した次の10連,natutal_situation,natutal_situation,1
"デルンネさんおめでとうございます！
色々な事が重なって金コイ３匹",natutal_situation,natutal_situation,1
なんかさ、メンバー見るというよりみきぴと参戦出来るかも,natutal_situation,irony_sentence,0
さよならアンドロメダはね…私の推し（亜季さん）の曲を担当（マキノちゃん）が歌う,natutal_situation,natutal_situation,1
スカラビア,natutal_situation,irony_sentence,0
"現在、仕事終え、明日の酷道愛好家・なおちんさんのオフ会に向け、出立中‼️

道中、不鮮明ではありますが、スマホで音楽かける中、頭文字DのOPがかかると同時に後にAE86トレノが付く",natutal_situation,natutal_situation,1
キセキの証,natutal_situation,irony_sentence,0
20時半に娘が寝てくれた,natutal_situation,natutal_situation,1
"レッスン行ったらデビュー生もいちかちゃんも居てまさかの集結🔥🔥🔥

 ",natutal_situation,natutal_situation,1
"イブヨ兵とも沢山会えて、写真も動画もプリクラも撮ってめっちゃ青春ってこと沢山してもうなんか夢のよう。

原宿から池袋まで一緒に帰った3人がなんと同い年",natutal_situation,natutal_situation,1
"うわああああ危なかったああああ！！！
りたーんの夏祭りと他グルの夏祭りの合わせてみた作ろうとしててパソコンで画録してて、作るの諦めて消して、ごみ箱からも消すかーって思いながらもめんどくさくって消してなかった",natutal_situation,natutal_situation,1
お父様はスマホポッケに入れっぱにしててお母様は確認なしで洗濯機にブチ込む,natutal_situation,natutal_situation,1
"見逃し完了〜
なんとか勝ち切れてよかった〜🙌

カードは家族が貰った分も含めて
ダブり無し",natutal_situation,natutal_situation,1
何,natutal_situation,irony_sentence,0
建材で設計する予定の橋、俺がテキトーな海峡チョイスして決まったんだけど、後々調べてみたらすぐ近くに日本初のPC斜張橋があったり繋げる島がもともとセメント工場だらけだった,natutal_situation,natutal_situation,1
いいねしようとしたらスルーしたはずのツイートの投票に入れちゃったじゃないか。しかも一番多いやつ選んだ,natutal_situation,natutal_situation,1
もちこ,natutal_situation,irony_sentence,0
"www
しかもこのドヤ顔も似ている",natutal_situation,natutal_situation,1
"ガチャしたらMark.06とカヲル君が
なんち",natutal_situation,natutal_situation,1
夜勤明けで、ボケーっとした感じで、追加の福岡申し込んだら、…多分w購入できた,natutal_situation,natutal_situation,1
ガチャシミュ一生星５鯖出てこないって思っていたけど、今回は30連,natutal_situation,natutal_situation,1
雑誌の取材現場では元気！みんなでまんじゅうロシアンルーレットして遊んだんだけどめっちゃ盛り上がった！伊織がめっちゃ嫌がってたのに当たる,natutal_situation,natutal_situation,1
クリスマスが休み,natutal_situation,natutal_situation,1
"何度も言う。

全宇宙に人間以外の

知的生命体が実はいなかったら

",natutal_situation,natutal_situation,1
"な、、なんと…私もカレーです🍛‼️
これは何",natutal_situation,natutal_situation,1
"どうやって撮ったかの話（聞き流していいやつ）

アンツィオの現地入り演出は、通常はレア役対応ですが発展演出として発生する場合もあります
発展演出なら前兆の契機を引いてから約10G後なので、ある程度予測して構えることが可能
そうやって構えたらレア役演出として発生したやつが撮れた",natutal_situation,natutal_situation,1
アルト：1年前にマックでテイクアウトをした時、『フラットの月見バーガーにだけ卵が挟まっていなかった』という悲しい事件があったんだが、今回買った月見バーガーに『フラットのにだけ卵が二つ挟まっていた』,natutal_situation,natutal_situation,1
"HGSSよりマツバさん
単純に強すぎ。最後はLv13のトゲピーで勝つ",natutal_situation,natutal_situation,1
"今日。

LIVE前にコンタクトもしてないし
会場でも何も連絡もしてないのに

ちゃ~んと
お友達のグループに会えた‼️
",natutal_situation,natutal_situation,1
今回しくちゃんと会えたらーくらいだったのに会場の外でたまたま見つけて急に声掛けちゃったし、まさかの席が近い,natutal_situation,natutal_situation,1
ユーフォーテーブルさんの繋がるアクスタが再販されたので速攻で煉獄さんコンプのため第5弾6個買ったら6個中5個煉獄さん,natutal_situation,natutal_situation,1
次のハマスタは年明けの福袋かな？今年は東のサイン入りユニフォームをゲットする,natutal_situation,natutal_situation,1
カートに入れておいたらセールで安くなる,natutal_situation,natutal_situation,1
推し香水と推しプリザーブドフラワーが同日に届いてしまう,natutal_situation,natutal_situation,1
"昨日のモンハン記録🔥

場所は野良部屋なのに全員知ってる方",natutal_situation,natutal_situation,1
"ワンチャンあいなちゃんの2nd横浜でナチュエンしてる可能性はあるものの、不思議な状態ですwww

ホント、人気者の集まり!
逆に言えば、あいなちゃんのソロアーティスト同期は人気者が多い",natutal_situation,natutal_situation,1
当然のように最近は思っているけど、Twitterしてなかった字書きさんがTwitterをしている,natutal_situation,natutal_situation,1
ウィちゃんさんぽ。すくっとたっちさんが100円でとれた〜 ガチャガチャよりお得,natutal_situation,natutal_situation,1
FC先行で干されたけど誕生日と全ツオーラスが被る,natutal_situation,natutal_situation,1
"皆さん、よしみサンが当たったのはご存知だけど、
何が当たったかはわからない",natutal_situation,natutal_situation,1
彼から連絡してくる,natutal_situation,natutal_situation,1
年末に休みがある……なん,natutal_situation,natutal_situation,1
"あげなお。
やばい。三時間かすかな追尾とおつきあい程度に触るくらいでまったくのデロリアン。危うくウグボー（ズバ）になるかと思いながら。
潮目をアップにギラン。
今季？最大の21センチ！

グラスのファインテールぶち曲がりました。17、18や19と訳が違うね。
",natutal_situation,natutal_situation,1
ちなみに新郎の妹はワイの小学校の同級生,natutal_situation,natutal_situation,1
"マジでずっと運命すぎるんよ
列前後やしイベント中めちゃ会うし最後更衣室後も出会う",natutal_situation,natutal_situation,1
ハーメルンの笛吹き的な神が降臨してひとりの時間,natutal_situation,natutal_situation,1
今の職場は本当に皆がいかに残業しないかを目標に仕事する人達の集まりで、普段はほぼ定時上がりなんだけど、今日は絶対残業になる仕事量で覚悟していて。皆、今日は仕方ないね…と朝は言っていたんだけど、全集中によりまさかの巻きで終わる,natutal_situation,natutal_situation,1
ひゅがちゃんとあべのhoopのエレベーター前でバッタリ会って、帰りの天王寺駅でもバッタリ会ってしまう,natutal_situation,natutal_situation,1
"ありがとうございます！365分の1
",natutal_situation,natutal_situation,1
"えー！おめでとう〜！！
しかも誕生日になんて",natutal_situation,irony_sentence,0
そのタララ側が25回ほど掴んだのに1ストックも取れなかった,natutal_situation,natutal_situation,1
たった一行の中に三つしか単語がないが、にも関わらずその三つの単語が相互にどれひとつとしてマッチしてない,natutal_situation,natutal_situation,1
ディズニーホテルの売店で買ったやつだったのか！！😂しかも一個ずつ買って全員アズール,natutal_situation,natutal_situation,1
"体験入店のお名前【🔰やよいちゃん】に決定‼️‼️‼️🎉

完全未経験18歳なりたて",natutal_situation,natutal_situation,1
え、いや、せっかく日曜日に休み取れた,natutal_situation,natutal_situation,1
ACIDMAN繋がりで、フットボールアワーの岩尾さん来た～！この広い会場でのんちゃんと生年月日全く一緒の私がいる,natutal_situation,natutal_situation,1
"マジカル交換で
ワシ:カルボウ
相手:カルボウ
",natutal_situation,natutal_situation,1
"ちなみにさー…
私、５６年前の左耳が、今年の治療で何故か治った",natutal_situation,natutal_situation,1
ももクロ、ミスチル、緑黄色社会好きでNFT追ってる,natutal_situation,natutal_situation,1
ギャンパレのメンバー誰かプロスピやってる,natutal_situation,natutal_situation,1
こんばんは😊🌙ただ今リプ見ました😅森くんは変わらずお人形さんの様で且つ雨だった天気を晴れにする,natutal_situation,natutal_situation,1
来月はうちの実家に夫の両親が遊びに来るらしい 夫と付き合ってから知ったんだけど母親同士は私と夫が知り合うより前からパート先が一緒でお友達だった,natutal_situation,natutal_situation,1
"康二とお揃いのストーブ（お揃いの規模）

※ちなみに合わせたわけではなく元々キャンプするので持ってたものが一緒",natutal_situation,natutal_situation,1
クリスの間に並んでる,natutal_situation,natutal_situation,1
天（マップ）地（ギミック）人（ボスと雑魚敵）全部クソ,natutal_situation,natutal_situation,1
エルゴトロンのモニターアームを買ったんだけど、もう一本欲しいみたいな話しをしてたら、持ってて使ってない人がいて、もらえる,natutal_situation,natutal_situation,1
"朝7時から
動き回ってたので

ようやく
仕事終わったかと思えば
エンジンが
かからない",natutal_situation,natutal_situation,1
人狼やってたけど、初手なんとなく怪しいなで投票してた人みんな人狼だった,natutal_situation,natutal_situation,1
"私も頂きました🙏🏻
そして、キジブラザー缶バッチ出る",natutal_situation,natutal_situation,1
"先日は大阪にお邪魔させて頂きました。
友達とキャンフリしてクラブ行ったらジャパマゲ来てる",natutal_situation,natutal_situation,1
明日の席がはすぬまさんと1列1席違いで激近,natutal_situation,natutal_situation,1
"はっぴぃタイムっ！！
白蛇の御輿を担ぎ、
錦帯橋を渡る",natutal_situation,natutal_situation,1
"ほんとに‼️赤い海ですネ😃
この海が1枚々の紅葉で
出来ている",natutal_situation,natutal_situation,1
1位から3位まで自分の記事,natutal_situation,natutal_situation,1
ライブに来た人がたくさん店ある中でわざわざふるいちを選んで入店してもらえる,natutal_situation,natutal_situation,1
"待って！
 #ヒグチユウコ さんと、缶バッチ(違   #カンバーバッチ さんが並ぶ",natutal_situation,natutal_situation,1
私の運なんてそんなもんよー！昨日通販でルルーシュ自引き,natutal_situation,natutal_situation,1
"滅でゲッタマ打って心を落ち着かせてるんですが、個役はいい。
ボナは引けない。
そもそも500G位回して、ゲッターランプ演出0回",natutal_situation,natutal_situation,1
空いてる,natutal_situation,natutal_situation,1
個人的にだけど、聴きたかった曲しかやらない,natutal_situation,irony_sentence,0
本日の池袋ワオフ、お名前ビンゴを一番手に上がり最後に呼ばれた,natutal_situation,natutal_situation,1
お隣の人がオルト推しで私がオルトを引き、その方がイデアを引く,natutal_situation,natutal_situation,1
旦那が自分の誕生日に自分でチケ当てる,natutal_situation,natutal_situation,1
"今日新宿で4件お取引済ました自分、効率良すぎてラッキー🤞
うち2件は前日と当日に決まる",natutal_situation,natutal_situation,1
"欲しかったぎゅぎゅっとのアクスタ買ってきた！
あたラム可愛すぎる〜💕
試しに2つだけ買ってみたマグネット、どっちもあたラム",natutal_situation,natutal_situation,1
鎌倉のたらば書房さんに行ったら『臆病者の自転車生活』と『世界に放りこまれた』を扱ってくださってて、喜びに震えながらご挨拶して、振り返ったら詩集がなくなっていて、なんとその間に買ってくださった方がいて、その場でサインさせてもらう,natutal_situation,natutal_situation,1
いや本当にこはくちゃん,natutal_situation,natutal_situation,1
"まだ、28インチのデニムが
履ける",natutal_situation,natutal_situation,1
"実は8000系3色3編成を繋げた臨時急行と臨時快速急行の東上線100周年記念列車
東上線8000系の10両運転の終演間際ではあるのだけれど
実はどの編成も未だに健在",natutal_situation,natutal_situation,1
"貴景勝もかちました！
これは面白くなった
明日大相撲千秋楽とワールドカップ予選突破かかった一戦両方見れる",natutal_situation,natutal_situation,1
"トノとふたりで……🥺🙏🙏👼

ていうか、骨牙の貢献度がすごい
「FAで出てった選手からの話が新たにFAする選手を生む悪循環」とまで言われていたのに
あのふたりが新しい憧れになってくれて、今季揃ってGG賞の二遊間ともに流出阻止
",natutal_situation,natutal_situation,1
振替レッスン先が休みになり急遽当日空いているレッスンを受ける,natutal_situation,natutal_situation,1
"無事あんライミッションクリアして10連したらまさかの2枚引き
そして全部被り",natutal_situation,natutal_situation,1
今日は仕事のため公式生放送リアタイはあきらめてたんだけど、ワイシャツが鳥のフンで汚れる,natutal_situation,natutal_situation,1
"さかな文化祭2022ありがとうでしたー！！
午後まで雨のはずが開始と同時に止み、最後まで降らない",natutal_situation,natutal_situation,1
今から観てもギリ夜回…間に合う…？とおもう！ので！昨日のヒドラの景。夜回アーカイブまだ観れるのです、神回かつ鬱エンドもハピエンもどちらがお好きな方にもオススメできる,natutal_situation,natutal_situation,1
こんな美少女が地元熊本のアイドル,natutal_situation,natutal_situation,1
現時刻、私が推してるのばまんとナナヲアカリの二人が同じシンガポールにいる、,natutal_situation,natutal_situation,1
すっごいプラスとすっごいマイナスが合わさって結果的に何もなくなる,natutal_situation,natutal_situation,1
"Liella!3rd千葉公演両日当選！
当落発表今日なのすっかり忘れてたw
今のところ最初から行くつもりなかった北海道公演以外は全て当たってる",natutal_situation,natutal_situation,1
整理番号呼ばれる10秒前に会場着きました～何,natutal_situation,natutal_situation,1
ガイシ2日目がななななんと！5列目,natutal_situation,natutal_situation,1
"移動されちゃうかもなので直ぐにでも飛行機を手配しましょう*⋆✈笑
マニラの人に届く",natutal_situation,natutal_situation,1
ちゃんと万戈って書いたつもりだったのにミスって万丈って書いてツイートしたら引っかけ問題っていう認識になってほんのちょっと反応が多い,natutal_situation,natutal_situation,1
交通系の残金11111円,natutal_situation,natutal_situation,1
今年もハリコンロッテリーさんでくじ引いた。今年はS当たる,natutal_situation,natutal_situation,1
思い立って行って、当日券で一列目,natutal_situation,natutal_situation,1
まさかの敵が味方になる,natutal_situation,natutal_situation,1
"明日もあるのにね、、、
寝て起きたら治ってる",natutal_situation,natutal_situation,1
誕生日にカレンダーお渡し会がある,natutal_situation,natutal_situation,1
用事終わってShowroomつけたら、葵ちゃんで、ちょうど自分の番,natutal_situation,natutal_situation,1
"やっと自分で当てましたUVER福岡
僕が昼公演当てて一緒にいく友達が夜公演当てる",natutal_situation,natutal_situation,1
翔太くんって自撮りより他撮りの方が断然盛れてるしかっこいい,natutal_situation,natutal_situation,1